{"count":1,"self":9.293396,"total":66.8902844,"children":{"InitializeActuators":{"count":96,"self":0.0010106,"total":0.0010106,"children":null},"InitializeSensors":{"count":96,"self":0.0010079,"total":0.0010079,"children":null},"AgentSendState":{"count":8317,"self":0.38277659999999997,"total":1.5670989,"children":{"CollectObservations":{"count":159744,"self":0.21319559999999999,"total":0.21319559999999999,"children":null},"WriteActionMask":{"count":159744,"self":0.086104199999999992,"total":0.086104199999999992,"children":null},"RequestDecision":{"count":159744,"self":0.3215942,"total":0.88502249999999993,"children":{"AgentInfo.ToProto":{"count":159744,"self":0.2305651,"total":0.5634283,"children":{"GenerateSensorData":{"count":159744,"self":0.33286319999999997,"total":0.33286319999999997,"children":null}}}}}}},"DecideAction":{"count":8317,"self":55.255212799999995,"total":55.2552154,"children":null},"AgentAct":{"count":8317,"self":0.77000899999999994,"total":0.77000899999999994,"children":null},"AgentInfo.ToProto":{"count":165,"self":0.0015325,"total":0.0015325,"children":{"GenerateSensorData":{"count":165,"self":0,"total":0,"children":null}}}},"gauges":{"My Behavior.CumulativeReward":{"count":165,"max":-2.7549994,"min":-12.1601849,"runningAverage":-4.90035343,"value":-10.0201359,"weightedAverage":-8.199078}},"metadata":{"timer_format_version":"0.1.0","start_time_seconds":"1747929621","unity_version":"2022.3.32f1","command_line_arguments":"C:\\Program Files\\Unity\\Hub\\Editor\\2022.3.32f1\\Editor\\Unity.exe -projectpath C:\\temp\\6C5-E25-TP3Template -useHub -hubIPC -cloudEnvironment production","communication_protocol_version":"1.5.0","com.unity.ml-agents_version":"3.0.0-exp.1","scene_name":"SampleScene","end_time_seconds":"1747929688"}}